INSERT INTO pais
	(nome, codigo)
VALUES
    ('Anguilla', '+1-264'),
    ('Barbuda', '+1-268'),
    ('Argentina', '+54'),
    ('Armênia', '+374'),
    ('Aruba', '+297'),
    ('Austrália', '+61'),
    ('Áustria', '+43'),
    ('Azerbaijão', '+994'),
    ('Bahamas', '+1-242'),
    ('Bahrein', '+973'),
    ('Bangladesh', '+880'),
    ('Barbados', '+1-246'),
    ('Belarus', '+375'),
    ('Bélgica', '+32'),
    ('Belize', '+501'),
    ('Benin', '+229'),
    ('Bermudas', '+1-441'),
    ('Butão', '+975'),
    ('Bolívia', '+591'),
    ('Herzegovina', '+387'),
    ('Botsuana', '+267'),
    ('Brunei', '+673'),
    ('Bulgária', '+359'),
    ('Burquina Faso', '+226'),
    ('Burundi', '+257'),
    ('Camboja', '+855'),
    ('Camarões', '+237'),
    ('Canadá', '+1'),
    ('Cabo Verde', '+238'),
    ('Ilhas Cayman', '+1-345'),
    ('República Centro-Africana', '+236'),
    ('Chade', '+235'),
    ('Chile', '+56'),
    ('China', '+86'),
    ('Colômbia', '+57'),
    ('Comores', '+269'),
    ('República do Congo', '+242'),
    ('República Democrática do Congo', '+243'),
    ('Ilhas Cook', '+682'),
    ('Costa Rica', '+506'),
    ('Costa do Marfim', '+225'),
    ('Croácia', '+385'),
    ('Cuba', '+53'),
    ('Curaçao', '+599'),
    ('Chipre', '+357'),
    ('República Tcheca', '+420'),
    ('Dinamarca', '+45'),
    ('Djibuti', '+253'),
    ('Dominica', '+1-767'),
    ('República Dominicana', '+1-849'),
    ('Equador', '+593'),
    ('Egito', '+20'),
    ('El Salvador', '+503'),
    ('Guiné Equatorial', '+240'),
    ('Eritreia', '+291'),
    ('Estônia', '+372'),
    ('Eswatini', '+268'),
    ('Etiópia', '+251'),
    ('Ilhas Malvinas', '+500'),
    ('Ilhas Faroe', '+298'),
    ('Fiji', '+679'),
    ('Finlândia', '+358'),
    ('França', '+33'),
    ('Guiana Francesa', '+594'),
    ('Polinésia Francesa', '+689'),
    ('Gabão', '+241'),
    ('Gâmbia', '+220'),
    ('Geórgia', '+995'),
    ('Gana', '+233'),
    ('Gibraltar', '+350'),
    ('Grécia', '+30'),
    ('Groenlândia', '+299'),
    ('Granada', '+1-473'),
    ('Guadalupe', '+590'),
    ('Guam', '+1-671'),
    ('Guatemala', '+502'),
    ('Guernsey', '+44-1481'),
    ('Guiné', '+224'),
    ('Guiné-Bissau', '+245'),
    ('Guiana', '+592'),
    ('Haiti', '+509'),
    ('Honduras', '+504'),
    ('Hong Kong', '+852'),
    ('Hungria', '+36'),
    ('Islândia', '+354'),
    ('Índia', '+91'),
    ('Indonésia', '+62'),
    ('Irã', '+98'),
    ('Iraque', '+964'),
    ('Irlanda', '+353'),
    ('Ilha de Man', '+44-1624'),
    ('Israel', '+972'),
    ('Itália', '+39'),
    ('Jamaica', '+1-876'),
    ('Japão', '+81'),
    ('Jersey', '+44-1534'),
    ('Jordânia', '+962'),
    ('Cazaquistão', '+7'),
    ('Quênia', '+254'),
    ('Kiribati', '+686'),
    ('Kuwait', '+965'),
    ('Quirguistão', '+996'),
    ('Laos', '+856'),
    ('Letônia', '+371'),
    ('Líbano', '+961'),
    ('Lesoto', '+266'),
    ('Libéria', '+231'),
    ('Líbia', '+218'),
    ('Liechtenstein', '+423'),
    ('Lituânia', '+370'),
    ('Luxemburgo', '+352'),
    ('Macao', '+853'),
    ('Madagáscar', '+261'),
    ('Malawi', '+265'),
    ('Malásia', '+60'),
    ('Maldivas', '+960'),
    ('Mali', '+223'),
    ('Malta', '+356'),
    ('Ilhas Marshall', '+692'),
    ('Martinica', '+596'),
    ('Mauritânia', '+222'),
    ('Maurícia', '+230'),
    ('México', '+52'),
    ('Micronésia', '+691'),
    ('Moldávia', '+373'),
    ('Monaco', '+377'),
    ('Mongólia', '+976'),
    ('Montenegro', '+382'),
    ('Montserrat', '+1-664'),
    ('Marrocos', '+212'),
    ('Moçambique', '+258'),
    ('Myanmar', '+95'),
    ('Namíbia', '+264'),
    ('Nauru', '+674'),
    ('Nepal', '+977'),
    ('Países Baixos', '+31'),
    ('Nova Caledônia', '+687'),
    ('Nova Zelândia', '+64'),
    ('Nicarágua', '+505'),
    ('Níger', '+227'),
    ('Nigéria', '+234'),
    ('Niue', '+683'),
    ('Ilha Norfolk', '+672'),
    ('Coreia do Norte', '+850'),
    ('Macedônia do Norte', '+389'),
    ('Ilhas Marianas do Norte', '+1-670'),
    ('Noruega', '+47'),
    ('Omã', '+968'),
    ('Paquistão', '+92'),
    ('Palau', '+680'),
    ('Palestina', '+970'),
    ('Panamá', '+507'),
    ('Papua-Nova Guiné', '+675'),
    ('Paraguai', '+595'),
    ('Peru', '+51'),
    ('Filipinas', '+63'),
    ('Polônia', '+48'),
    ('Portugal', '+351'),
    ('Porto Rico', '+1-939'),
    ('Catar', '+974'),
    ('Romênia', '+40'),
    ('Rússia', '+7'),
    ('Ruanda', '+250'),
    ('Saint Kitts e Nevis', '+1-869'),
    ('Santa Lúcia', '+1-758'),
    ('Saint Pierre e Miquelon', '+508'),
    ('São Vicente e Granadinas', '+1-784'),
    ('Samoa', '+685'),
    ('San Marino', '+378'),
    ('São Tomé e Príncipe', '+239'),
    ('Arábia Saudita', '+966'),
    ('Senegal', '+221'),
    ('Sérvia', '+381'),
    ('Seicheles', '+248'),
    ('Serra Leoa', '+232'),
    ('Singapura', '+65'),
    ('Sint Maarten', '+1-721'),
    ('Eslováquia', '+421'),
    ('Eslovênia', '+386'),
    ('Ilhas Salomão', '+677'),
    ('Somália', '+252'),
    ('África do Sul', '+27'),
    ('Coreia do Sul', '+82'),
    ('Sudão do Sul', '+211'),
    ('Espanha', '+34'),
    ('Sri Lanka', '+94'),
    ('Sudão', '+249'),
    ('Suriname', '+597'),
    ('Suécia', '+46'),
    ('Suíça', '+41'),
    ('Síria', '+963'),
    ('Taiwan', '+886'),
    ('Tajiquistão', '+992'),
    ('Tanzânia', '+255'),
    ('Tailândia', '+66'),
    ('Timor-Leste', '+670'),
    ('Togo', '+228'),
    ('Tokelau', '+690'),
    ('Tonga', '+676'),
    ('Trinidad e Tobago', '+1-868'),
    ('Tunísia', '+216'),
    ('Turquia', '+90'),
    ('Turcomenistão', '+993'),
    ('caicos', '+1-649'),
    ('Tuvalu', '+688'),
    ('Uganda', '+256'),
    ('Ucrânia', '+380'),
    ('Emirados Árabes Unidos', '+971'),
    ('Reino Unido', '+44'),
    ('Estados Unidos', '+1'),
    ('Uruguai', '+598'),
    ('Uzbequistão', '+998'),
    ('Vanuatu', '+678'),
    ('Cidade do Vaticano', '+379'),
    ('Venezuela', '+58'),
    ('Vietnã', '+84'),
    ('Ilhas Virgens Britânicas', '+1-284'),
    ('Ilhas Virgens Americanas', '+1-340'),
    ('Wallis e Futuna', '+681'),
    ('Iêmen', '+967'),
    ('Zâmbia', '+260'),
    ('Zimbábue', '+263'),
    ('Argélia', '+213'),
    ('Brasil', '+55');
    
-- --------------------------------------------------------------------------

INSERT INTO classificacao 
	(idade, descricao) 
VALUES
	('Livre', 'Apropriado para todas as idades'),
	('10', 'Apropriado para maiores de 10 anos'),
	('12', 'Apropriado para maiores de 12 anos'),
	('14', 'Apropriado para maiores de 14 anos'),
	('16', 'Apropriado para maiores de 16 anos'),
	('18', 'Apropriado para maiores de 18 anos');
        
-- --------------------------------------------------------------------------

INSERT INTO ator 
	(nome, sobrenome, nascimento, foto) 
VALUES
    ('Robert', 'Downey Jr.', '1965-04-04', 'https://exemplo.com/robert_downey_jr.jpg'),
    ('Chris', 'Evans', '1981-06-13', 'https://exemplo.com/chris_evans.jpg'),
    ('Mark', 'Ruffalo', '1967-11-22', NULL),
    ('Chris', 'Hemsworth', '1983-08-11', NULL),
    ('Leonardo', 'DiCaprio', '1974-11-11', NULL),
    ('Joseph', 'Gordon-Levitt', '1981-02-17', NULL),
    ('Ellen', 'Page', '1987-02-21', NULL),
    ('John', 'Travolta', '1954-02-18', NULL),
    ('Uma', 'Thurman', '1970-04-29', NULL),
    ('Samuel L.', 'Jackson', '1948-12-21', NULL),
    ('Elijah', 'Wood', '1981-01-28', NULL),
    ('Viggo', 'Mortensen', '1958-10-20', NULL),
    ('Ian', 'McKellen', '1939-05-25', NULL),
    ('Matthew', 'McConaughey', '1969-11-04', NULL),
    ('Anne', 'Hathaway', '1982-11-12', NULL),
    ('Jessica', 'Chastain', '1977-03-24', NULL),
    ('Bryan', 'Cranston', '1956-03-07', NULL),
    ('Aaron', 'Paul', '1979-08-27', NULL),
    ('Anna', 'Gunn', '1968-08-11', NULL),
    ('Jennifer', 'Aniston', '1969-02-11', NULL),
    ('Courteney', 'Cox', '1964-06-15', NULL),
    ('Lisa', 'Kudrow', '1963-07-30', NULL),
    ('Kit', 'Harington', '1986-12-26', NULL),
    ('Emilia', 'Clarke', '1986-10-23', NULL),
    ('Peter', 'Dinklage', '1969-06-11', NULL),
    ('Millie Bobby', 'Brown', '2004-02-19', NULL),
    ('Finn', 'Wolfhard', '2002-12-23', NULL),
    ('Gaten', 'Matarazzo', '2002-09-08', NULL),
    ('Claire', 'Foy', '1984-04-16', NULL),
    ('Matt', 'Smith', '1982-10-28', NULL),
    ('Olivia', 'Colman', '1974-01-30', NULL);


-- ----------------------------------------------------------------------
INSERT INTO idioma 
	(nome) 
VALUES
    ('Inglês'),
    ('Espanhol'),
    ('Português'),
    ('Francês'),
    ('Alemão'),
    ('Italiano'),
    ('Mandarim'),
    ('Russo'),
    ('Japonês'),
    ('Coreano'),
    ('Árabe'),
    ('Hindi'),
    ('Bengali'),
    ('Tâmil'),
    ('Telugu'),
    ('Marati'),
    ('Urdu'),
    ('Persa'),
    ('Turco'),
    ('Grego'),
    ('Sueco'),
    ('Norueguês'),
    ('Dinamarquês'),
    ('Holandês'),
    ('Polonês'),
    ('Checo'),
    ('Húngaro'),
    ('Finlandês'),
    ('Islandês'),
    ('Romeno'),
    ('Ucraniano'),
    ('Búlgaro'),
    ('Hebraico'),
    ('Suaíli'),
    ('Vietnamita'),
    ('Tailandês'),
    ('Indonésio'),
    ('Malaio'),
    ('Tagalo'),
    ('Chinês'),
    ('Cantonês'),
    ('Árabe Egípcio'),
    ('Árabe Marroquino');
    
-- ---------------------------------------------------------
    INSERT INTO categoria
		(nome) 
	VALUES
    ('Ação'),
    ('Aventura'),
    ('Comédia'),
    ('Drama'),
    ('Ficção Científica'),
    ('Terror'),
    ('Romance'),
    ('Animação'),
    ('Suspense'),
    ('Documentário');
    
    
-- --------------------------------------------------------

INSERT INTO catalogo 
	(titulo, sinopse, ano_lancamento, duracao, avaliacao, idioma_original, id_classificacao) 
VALUES
-- Inserindo Filmes
    ('Vingadores: Ultimato', 'Os heróis da Marvel se unem para derrotar Thanos.', 2019, '03:01:00', '5', 1, 3),
    ('A Origem', 'Um ladrão especializado em roubar segredos corporativos invade os sonhos das pessoas.', 2010, '02:28:00', '4', 1, 4),
    ('Pulp Fiction: Tempo de Violência', 'Uma história não linear que entrelaça várias tramas.', 1994, '02:34:00', '5', 1, 4),
    ('O Senhor dos Anéis: O Retorno do Rei', 'A batalha final pela Terra-média está prestes a acontecer.', 2003, '03:21:00', '5', 1, 5),
    ('Interestelar', 'Um grupo de exploradores parte em uma missão espacial para salvar a humanidade.', 2014, '02:49:00', '4', 1, 3),

-- Inserindo Séries
    ('Breaking Bad', 'Um professor de química se envolve com o tráfico de drogas.', 2008, '04:39:00', '5', 1, 4),
    ('Friends', 'Um grupo de amigos vive diversas aventuras em Nova York.', 1994, '04:40:00', '4', 1, 2),
    ('Game of Thrones', 'As famílias nobres lutam pelo controle do Trono de Ferro.', 2011, '04:50:00', '5', 1, 5),
    ('Stranger Things', 'Um grupo de crianças enfrenta criaturas sobrenaturais em sua cidade.', 2016, '05:32:00', '4', 1, 3),
    ('The Crown', 'A vida da rainha Elizabeth II desde o início de seu reinado.', 2016, '03:27:00', '5', 2, 4);
    
-- ---------------------------------------------------------------------------

INSERT INTO pais_catalogo 
	(id_pais, id_catalogo) 
VALUES
-- filme
    (210, 1),   -- Estados Unidos, Vingadores: Ultimato
    (224, 1),   -- Brasil, Vingadores: Ultimato
    (34, 1),    -- China, Vingadores: Ultimato
    
    (210, 2),   -- Estados Unidos, A Origem
    (224, 2),   -- Brasil, A Origem
    (63, 2),    -- França, A Origem
    
    (210, 3),   -- Estados Unidos, Pulp Fiction: Tempo de Violência
    (209, 3),   -- Reino Unido, Pulp Fiction: Tempo de Violência
    (63, 3),    -- França, Pulp Fiction: Tempo de Violência
    
    (210, 4),   -- Estados Unidos, O Senhor dos Anéis: O Retorno do Rei
    (209, 4),   -- Reino Unido, O Senhor dos Anéis: O Retorno do Rei
    (63, 4),    -- França, O Senhor dos Anéis: O Retorno do Rei
    (28, 4),    -- Canadá, O Senhor dos Anéis: O Retorno do Rei
    
	(210, 5),   -- Estados Unidos, Interestelar
    (224, 5),   -- Brasil, Interestelar
    (63, 5),    -- França, Interestelar
    (209, 5),   -- Reino Unido, Interestelar
    (28, 5),    -- Canadá, Interestelar
	
    -- Séries
    (224, 6),    -- Brasil, Breaking Bad
    (209, 6),    -- Reino Unido, Breaking Bad
    (28, 6),     -- Canadá, Breaking Bad
    (6, 6),      -- Austrália, Breaking Bad
    (210, 6),    -- Estados Unidos, Breaking Bad
    
    (224, 7),    -- Brasil, Friends
    (209, 7),    -- Reino Unido, Friends
    (28, 7),     -- Canadá, Friends
    (210, 7),    -- Estados Unidos, Friends
    
    (224, 8),    -- Brasil, Game of Thrones
    (209, 8),    -- Reino Unido, Game of Thrones
    (28, 8),     -- Canadá, Game of Thrones
    (6, 8),      -- Austrália, Game of Thrones
    (210, 8),    -- Estados Unidos, Game of Thrones
    
    (224, 9),    -- Brasil, Stranger Things
    (6, 9),      -- Austrália, Stranger Things
    (210, 9),    -- Estados Unidos, Stranger Things
    
    (209, 10),   -- Reino Unido, The Crown
    (210, 10),   -- Estados Unidos, The Crown
    (6, 10),     -- Austrália, The Crown
    (28, 10);   -- Canadá, The Crown
 
 -- ---------------------------------------------------------------------------- 
 
INSERT INTO idioma_catalogo 
	(id_idioma, id_catalogo) 
VALUES
    -- Filmes
    (1, 1),    -- Inglês, Vingadores: Ultimato
    (3, 1),    -- Português, Vingadores: Ultimato
    (4, 1),    -- Francês, Vingadores: Ultimato
    (6, 1),    -- Italiano, Vingadores: Ultimato
    (7, 1),    -- Espanhol, Vingadores: Ultimato
    (40, 1),   -- Chinês, Vingadores: Ultimato
    
    (1, 2),    -- Inglês, A Origem
    (3, 2),    -- Português, A Origem
    (4, 2),    -- Francês, A Origem
    (6, 2),    -- Italiano, A Origem
    (7, 2),    -- Espanhol, A Origem
    (40, 2),   -- Chinês, A Origem
    
    (1, 3),    -- Inglês, Pulp Fiction: Tempo de Violência
    (4, 3),    -- Francês, Pulp Fiction: Tempo de Violência
    (5, 3),    -- Reino Unido, Pulp Fiction: Tempo de Violência
    (6, 3),    -- Italiano, Pulp Fiction: Tempo de Violência
    
    (1, 4),    -- Inglês, O Senhor dos Anéis: O Retorno do Rei
    (4, 4),    -- Francês, O Senhor dos Anéis: O Retorno do Rei
    (5, 4),    -- Reino Unido, O Senhor dos Anéis: O Retorno do Rei
    (7, 4),    -- Espanhol, O Senhor dos Anéis: O Retorno do Rei
    (28, 4),   -- Canadá, O Senhor dos Anéis: O Retorno do Rei
    
    (1, 5),    -- Inglês, Interestelar
    (3, 5),    -- Português, Interestelar
    (4, 5),    -- Francês, Interestelar
    (5, 5),    -- Reino Unido, Interestelar
    (7, 5),    -- Espanhol, Interestelar

-- Séries
    (1, 6),    -- Inglês, Breaking Bad
    (3, 6),    -- Português, Breaking Bad
    (4, 6),    -- Francês, Breaking Bad
    (6, 6),    -- Italiano, Breaking Bad
    (7, 6),    -- Espanhol, Breaking Bad
    (40, 6),   -- Chinês, Breaking Bad
    
    (1, 7),    -- Inglês, Friends
    (4, 7),    -- Francês, Friends
    (6, 7),    -- Italiano, Friends
    (7, 7),    -- Espanhol, Friends
    
    (1, 8),    -- Inglês, Game of Thrones
    (4, 8),    -- Francês, Game of Thrones
    (5, 8),    -- Reino Unido, Game of Thrones
    (6, 8),    -- Italiano, Game of Thrones
    (7, 8),    -- Espanhol, Game of Thrones
    
    (1, 9),    -- Inglês, Stranger Thing
    (6, 9),    -- Italiano, Stranger Things
    (7, 9),    -- Espanhol, Stranger Things
    (40, 9),   -- Chinês, Stranger Things
    
    (1, 10),   -- Inglês, The Crown
    (5, 10),   -- Reino Unido, The Crown
    (7, 10);   -- Espanhol, The Crown
   
-- -----------------------------------------------------------

-- Filmes
INSERT INTO ator_catalogo 
	(id_ator, id_catalogo) 
VALUES    
    (1, 1),    -- Robert Downey Jr., Vingadores: Ultimato
    (2, 1),    -- Chris Evans, Vingadores: Ultimato
    (3, 1),    -- Mark Ruffalo, Vingadores: Ultimato
    (4, 1),    -- Chris Hemsworth, Vingadores: Ultimato
    
    
    (5, 2),    -- Leonardo DiCaprio, A Origem
    (6, 2),    -- Joseph Gordon-Levitt, A Origem
    (7, 2),    -- Ellen Page, A Origem
    
    (8, 3),    -- John Travolta, Pulp Fiction: Tempo de Violência
    (9, 3),    -- Uma Thurman, Pulp Fiction: Tempo de Violência
    (10, 3),   -- Samuel L. Jackson, Pulp Fiction: Tempo de Violência
    
    (11, 4),   -- Elijah Wood, O Senhor dos Anéis: O Retorno do Rei
    (12, 4),   -- Viggo Mortensen, O Senhor dos Anéis: O Retorno do Rei
    (13, 4),   -- Ian McKellen, O Senhor dos Anéis: O Retorno do Rei
    
    (14, 5),   -- Matthew McConaughey, Interestelar
    (15, 5),   -- Anne Hathaway, Interestelar
    (16, 5);   -- Jessica Chastain, Interestelar
    
-- -----------------------------------------------------------------------------

INSERT INTO ator_catalogo 
	(id_ator, id_catalogo) 
VALUES
    (17, 6),   -- Bryan Cranston, Breaking Bad
    (18, 6),   -- Aaron Paul, Breaking Bad
    (19, 6),   -- Anna Gunn, Breaking Bad
    
    (20, 7),   -- Jennifer Aniston, Friends
    (21, 7),   -- Courteney Cox, Friends
    (22, 7),   -- Lisa Kudrow, Friends
    
    (23, 8),   -- Kit Harington, Game of Thrones
    (24, 8),   -- Emilia Clarke, Game of Thrones
    (25, 8),   -- Peter Dinklage, Game of Thrones
    
    (26, 9),   -- Millie Bobby Brown, Stranger Things
    (27, 9),   -- Finn Wolfhard, Stranger Things
    (28, 9),   -- Gaten Matarazzo, Stranger Things
    
    (29, 10),  -- Claire Foy, The Crown
    (30, 10),  -- Matt Smith, The Crown
    (31, 10);  -- Olivia Colman, The Crown


-- -----------------------------------------------------------------

INSERT INTO categoria_catalogo 
	(id_categoria, id_catalogo) 
VALUES
    (1, 1),   -- Ação, Vingadores
    (2, 1),   -- Ficção Científica, Vingadores
    (1, 2),   -- Ação, A Origem
    (4, 2),   -- Suspense, A Origem
    (1, 3),   -- Ação, Pulp Fiction: Tempo de Violência
    (4, 3),   -- Suspense, Pulp Fiction: Tempo de Violência
    (1, 4),   -- Ação, O Senhor dos Anéis: O Retorno do Rei
    (3, 4),   -- Aventura, O Senhor dos Anéis: O Retorno do Rei
    (2, 5),   -- Ficção Científica, Interestelar
    (3, 5),   -- Aventura, Interestelar
    (5, 6),   -- Drama, Breaking Bad
    (6, 6),   -- Crime, Breaking Bad
    (5, 7),   -- Drama, Friends
    (7, 7),   -- Comédia, Friends
    (5, 8),   -- Drama, Game of Thrones
    (8, 8),   -- Fantasia, Game of Thrones
    (5, 9),   -- Drama, Stranger Things
    (9, 9);   -- Mistério, Stranger Things

-- ----------------------------------------------------------------

INSERT INTO filme 
	(osca, id_catalogo)
VALUES

    (1, 1),   -- Vingadores: Ultimato possui 1 Oscar
    (0, 2),   -- A Origem não possui Oscars
    (0, 3),   -- Pulp Fiction: Tempo de Violência não possui Oscars
    (11, 4),  -- O Senhor dos Anéis: O Retorno do Rei possui 11 Oscars
    (0, 5);   -- Interestelar não possui Oscars
    
-- -----------------------------------------------------------------

INSERT INTO serie 
	(id_catalogo)
VALUES
    (6),   -- Breaking Bad tem 62 episódios
    (7),   -- Friends tem 236 episódios
    (8),   -- Game of Thrones tem 73 episódios
    (9),   -- Stranger Things tem 34 episódios
    (10);  -- The Crown tem 50 episódios

-- ----------------------------------------------------------------

INSERT INTO temporada 
	(titulo, descricao, id_serie)
VALUES
    ('Temporada 1 - Química do Mal', 'Primeira temporada da série Breaking Bad', 1),
    ('Temporada 2 - Consequências Amargas', 'Segunda temporada da série Breaking Bad', 1),
    ('Temporada 3 - Caminhos Perigosos', 'Terceira temporada da série Breaking Bad', 1),
    
    ('Temporada 1 - Central Perk', 'Primeira temporada da série Friends', 2),
    ('Temporada 2 - Aquele com as Reviravoltas', 'Segunda temporada da série Friends', 2),
    ('Temporada 3 - Aquele dos Corações Partidos', 'Terceira temporada da série Friends', 2),
    ('Temporada 4 - Aquele com Grandes Decisões', 'Quarta temporada da série Friends', 2),

    ('Temporada 1 - Intrigas e Tronos', 'Primeira temporada da série Game of Thrones', 3),
    ('Temporada 2 - Guerra dos Reis', 'Segunda temporada da série Game of Thrones', 3),
    ('Temporada 3 - Caos e Lealdade', 'Terceira temporada da série Game of Thrones', 3),
    
    ('Temporada 1 - Desaparecimento em Hawkins', 'Primeira temporada da série Stranger Things', 4),
    ('Temporada 2 - O Mundo Invertido', 'Segunda temporada da série Stranger Things', 4),
    ('Temporada 3 - Batalha em Starcourt', 'Terceira temporada da série Stranger Things', 4),
    
    ('Temporada 1 - Reinado Inicial', 'Primeira temporada da série The Crown', 5),
    ('Temporada 2 - Crises da Coroa', 'Segunda temporada da série The Crown', 5);
    
-- -----------------------------------------------------------------------------------
    

INSERT INTO episodio 
	(nome, id_serie, duracao, id_temporada)
VALUES
    ('Piloto', 1, '00:47:00', 1),   						   		  -- Episódio 1 da série Breaking Bad, Temporada 1
    ('O Gato Está na Bolsa', 1, '00:49:00', 1),   			   		  -- Episódio 2 da série Breaking Bad, Temporada 1
    ('A Bolsa Está no Rio', 1, '00:46:00', 1),  		  		      -- Episódio 3 da série Breaking Bad, Temporada 1
    ('Aquele com o Unagi', 1, '00:45:00', 2),   					  -- Episódio 4 da série Breaking Bad, Temporada 2
    ('Aquele com o Dia do Bolo', 1, '00:43:00', 2),                   -- Episódio 5 da série Breaking Bad, Temporada 2
    ('Aquele com a Rotina', 1, '00:49:00', 3),   			          -- Episódio 6 da Breaking Bad, Temporada 3
-- Insira os demais episódios da série Breaking Bad aqui

    ('Aquele com o Macaco', 2, '00:47:00', 4),   					   -- Episódio 1 da série Friends, Temporada 1
    ('Aquele com a Fantasia da Princesa Leia', 2, '00:47:00', 4),      -- Episódio 2 da série Friends, Temporada 1
    ('Aquele em que o Ross Descobre', 2, '00:49:00', 5),   			   -- Episódio 3 da série Friends, Temporada 2
    ('Aquele com o Unagi', 2, '00:45:00', 5),   					    -- Episódio 4 da série Friends, Temporada 2
    ('Aquele com o Dia do Bolo', 2, '00:43:00', 6),                     -- Episódio 5 da série Friends, Temporada 3
    ('Aquele com a Rotina', 2, '00:49:00', 7),   			            -- Episódio 6 da série Friends, Temporada 4
-- Insira os demais episódios da série Friends aqui

    ('O Inverno Está Chegando', 3, '00:49:00', 8),  					-- Episódio 1 da série Game of Thrones, Temporada 1
    ('O Casamento Vermelho', 3, '00:47:00', 8),  						-- Episódio 2 da série Game of Thrones, Temporada 1
    ('Batalha dos Bastardos', 3, '00:49:00', 8),  						-- Episódio 3 da série Game of Thrones, Temporada 1
    ('O Inverno Está Chegando', 3, '00:49:00', 8),  					-- Episódio 1 da série Game of Thrones, Temporada 1
    ('O Casamento Vermelho', 3, '00:47:00', 9),  						-- Episódio 2 da série Game of Thrones, Temporada 2
    ('Batalha dos Bastardos', 3, '00:49:00', 10),  						-- Episódio 3 da série Game of Thrones, Temporada 3
-- Insira os demais episódios da série Game of Thrones aqui

    ('O Desaparecimento de Will Byers', 4, '00:50:00', 11), 	 		-- Episódio 1 da série Stranger Things, Temporada 1
    ('A Mente do Devorador', 4, '01:10:00', 11),  						-- Episódio 2 da série Stranger Things, Temporada 1
    ('A Batalha de Starcourt', 4, '00:51:00', 12),  					-- Episódio 3 da série Stranger Things, Temporada 2
    ('Ameaças Invisíveis', 4, '00:52:00', 12), 	                        -- Episódio 4 da série Stranger Things, Temporada 2
    ('O Labirinto', 4, '00:56:00', 13),                                 -- Episódio 5 da série Stranger Things, Temporada 3
    ('O Devorador de Mentes', 4, '00:53:00', 13),  				        -- Episódio 6 da série Stranger Things, Temporada 3
-- Insira os demais episódios da série Stranger Things aqui

    ('Um Encontro Real', 5, '00:35:00', 14),	 						-- Episódio 1 da série The Crown, Temporada 1
    ('O Trono de Ferro', 5, '00:40:00', 14),							-- Episódio 2 da série The Crown, Temporada 1
	('Rumo ao Trono', 5, '00:42:00', 14),                               -- Episódio 3 da série The Crown, Temporada 1
    ('A Coroa em Crise', 5, '00:46:00', 14),                            -- Episódio 4 da série The Crown, Temporada 1
    ('Reinado de Incertezas', 5, '00:44:00', 15);                       -- Episódio 5 da série The Crown, Temporada 2
-- Insira os demais episódios da série The Crown aqui


-- ----------------------------------------------------------------------------------------
    
    
-- Inserindo dados na tabela "endereco"
INSERT INTO endereco 
	(numero, endereco, cep, cidade, id_pais)
VALUES
-- clientes
    (123, 'Rua A', '12345678', 'Buenos Aires', 3),      -- Endereço 1 (Argentina)
    (456, 'Rua B', '23456789', 'Sidney', 6),            -- Endereço 2 (Austrália)
    (789, 'Rua C', '34567890', 'Viena', 7),             -- Endereço 3 (Áustria)
    (234, 'Rua D', '45678901', 'Baku', 8),              -- Endereço 4 (Azerbaijão)
    (567, 'Rua E', '56789012', 'Nassau', 9),            -- Endereço 5 (Bahamas)
    (890, 'Rua F', '67890123', 'Manama', 10),           -- Endereço 6 (Bahrein)
    (123, 'Rua G', '78901234', 'Daca', 12),             -- Endereço 7 (Bangladesh)
    (456, 'Rua H', '89012345', 'Bridgetown', 13),       -- Endereço 8 (Barbados)
    (789, 'Rua I', '90123456', 'Minsk', 14),            -- Endereço 9 (Belarus)
    (234, 'Rua J', '01234567', 'Bruxelas', 15),         -- Endereço 10 (Bélgica)
    (567, 'Rua K', '12345678', 'Belmopan', 16),         -- Endereço 11 (Belize)
    (890, 'Rua L', '23456789', 'Cotonou', 17),          -- Endereço 12 (Benin)
    
-- funcionarios
	(123, 'Rua M', '34567890', 'Brasília', 224),         -- Endereço 13 (Brasil)
    (456, 'Rua N', '45678901', 'São Paulo', 224),        -- Endereço 14 (Brasil)
    (789, 'Rua O', '56789012', 'Rio de Janeiro', 224),   -- Endereço 15 (Brasil)
    (234, 'Rua P', '67890123', 'Salvador', 224);         -- Endereço 16 (Brasil)
    
-- ---------------------------------------------------------
    
INSERT INTO pessoa 
	(nome, sobrenome, senha, email, status, avaliacao, dt_nascimento, dt_cadastro, id_endereco)
VALUES
-- clientes
	('João', 'Silva', 'senha123', 'joao.silva@example.com', 'ativo', '5', '1990-01-01', CURDATE(), 1),
	('Maria', 'Souza', 'senha456', 'maria.souza@example.com', 'ativo', '4', '1992-05-10', CURDATE(), 2),
	('Pedro', 'Santos', 'senha789', 'pedro.santos@example.com', 'ativo', '3', '1985-12-15', CURDATE(), 3),
	('Ana', 'Oliveira', 'senha123', 'ana.oliveira@example.com', 'ativo', '5', '1998-07-20', CURDATE(), 4),
	('Carlos', 'Fernandes', 'senha456', 'carlos.fernandes@example.com', 'ativo', '4', '1991-03-05', CURDATE(), 5),
	('Fernanda', 'Costa', 'senha789', 'fernanda.costa@example.com', 'ativo', '3', '1994-09-12', CURDATE(), 6),
	('Eduardo', 'Almeida', 'senha123', 'eduardo.almeida@example.com', 'ativo', '5', '1987-06-08', CURDATE(), 7),
	('Letícia', 'Rodrigues', 'senha456', 'leticia.rodrigues@example.com', 'ativo', '4', '1993-02-25', CURDATE(), 8),
	('Rafaela', 'Gomes', 'senha789', 'rafaela.gomes@example.com', 'ativo', '3', '1989-11-30', CURDATE(), 9),
	('Beatriz', 'Santos', 'senha123', 'beatriz.santos@example.com', 'ativo', '5', '1996-08-15', CURDATE(), 10),
	('Felipe', 'Costa', 'senha456', 'felipe.costa@example.com', 'ativo', '4', '1990-04-22', CURDATE(), 11),
	('Gabriela', 'Martins', 'senha789', 'gabriela.martins@example.com', 'ativo', '3', '1995-10-18', CURDATE(), 12),
    
-- funcionarios
	('John', 'Doe', 'senha123', 'john.doe@example.com', 'ativo', '5', '1990-01-01', CURDATE(), 13),
    ('Jane', 'Smith', 'senha456', 'jane.smith@example.com', 'ativo', '4', '1992-05-10', CURDATE(), 14),
    ('Mark', 'Johnson', 'senha789', 'mark.johnson@example.com', 'ativo', '3', '1985-12-15', CURDATE(), 15),
    ('Emily', 'Davis', 'senha123', 'emily.davis@example.com', 'ativo', '5', '1998-07-20', CURDATE(), 16);
    
-- --------------------------------------------------------
    
INSERT INTO funcionario 
	(foto, id_pessoa)
VALUES
    ('foto_funcionario1.png', 13),  -- John Doe
    ('foto_funcionario2.png', 14),  -- Jane Smith
    ('foto_funcionario3.png', 15),  -- Mark Johnson
    ('foto_funcionario4.png', 16);  -- Emily Davis
 
-- -------------------------------------------------------------

INSERT INTO plano 
	(valor, descricao)
VALUES
    (14.90, 'Plano Bronze'),       -- Plano 1
    (29.90, 'Plano Prata'),        -- Plano 2
    (49.90, 'Plano Ouro'),         -- Plano 3
    (79.90, 'Plano Diamante');     -- Plano 4
    
-- ---------------------------------------------------------

INSERT INTO cartao_credito 
	(numero, dt_vencimento, cod_seguranca, titular)
VALUES
    ('1111222233334444', '2023-06-30', 123, 'João Silva'),          -- Pessoa 1
    ('2222333344445555', '2023-07-31', 456, 'Maria Souza'),         -- Pessoa 2
    ('3333444455556666', '2023-08-31', 789, 'Pedro Santos'),        -- Pessoa 3
    ('4444555566667777', '2023-09-30', 234, 'Ana Oliveira'),        -- Pessoa 4
    ('5555666677778888', '2023-10-31', 567, 'Carlos Fernandes'),    -- Pessoa 5
    ('6666777788889999', '2023-11-30', 890, 'Fernanda Costa'),      -- Pessoa 6
    ('7777888899990000', '2023-12-31', 123, 'Eduardo Almeida'),     -- Pessoa 7
    ('8888999900001111', '2024-01-31', 456, 'Letícia Rodrigues'),   -- Pessoa 8
    ('9999000011112222', '2024-02-29', 789, 'Rafaela Gomes'),       -- Pessoa 9
    ('0000111122223333', '2024-03-31', 234, 'Beatriz Santos'),      -- Pessoa 10
    ('1111222233334444', '2024-04-30', 567, 'Felipe Costa'),        -- Pessoa 11
    ('2222333344445555', '2024-05-31', 890, 'Gabriela Martins');    -- Pessoa 12

    -- ---------------------------------------------------------
    
INSERT INTO tipo_pagamento 
	(nome)
VALUES
    ('Cartão de Crédito'),
    ('Boleto Bancário'),
    ('Transferência Bancária'),
    ('PayPal');
    
    
-- -------------------------------------------------------------

INSERT INTO cliente 
	(nickname, dt_vencimento, id_plano, id_pessoa)
VALUES
    ('MasterGamer', '2023-07-15', 2, 1),         -- plano Prata (João)
    ('MusicLover', '2023-08-20', 1, 2),           -- plano Bronze (Maria)
    ('AdventureSeeker', '2023-09-10', 3, 3),      -- plano Ouro (Pedro)
    ('FitnessEnthusiast', '2023-10-05', 4, 4),    -- plano Diamante (Ana)
    ('Bookworm', '2023-11-25', 2, 5),             -- plano Prata (Carlos)
    ('MovieBuff', '2023-12-12', 3, 6),            -- plano Ouro (Fernanda)
    ('Foodie', '2024-01-08', 1, 7),               -- plano Bronze (Eduardo)
    ('NatureLover', '2024-02-15', 4, 8),          -- plano Diamante (Letícia)
    ('TechGeek', '2024-03-20', 2, 9),             -- plano Prata (Rafaela)
    ('ArtEnthusiast', '2024-04-18', 3, 10),       -- plano Ouro (Beatriz)
    ('Fashionista', '2024-05-10', 1, 11),         -- plano Bronze (Felipe)
    ('Traveler', '2024-06-05', 4, 12);            -- plano Diamante (Gabriela)

-- ---------------------------------------------------------------------


INSERT INTO pagamento 
	(valor, forma_pagamento, id_cliente, id_cartao, id_tipo_pagamento)
VALUES
    (29.90, 'Cartão de Crédito', 1, 1, 1),
    (14.90, 'Cartão de Crédito', 2, 2, 2),
    (29.90, 'Boleto Bancário', 3, 3, 1),
    (14.90, 'Boleto Bancário', 4, 4, 2),
    (29.90, 'Cartão de Crédito', 5, 5, 1),
    (14.90, 'Cartão de Crédito', 6, 6, 2),
    (29.90, 'Boleto Bancário', 7, 7, 1),
    (14.90, 'Boleto Bancário', 8, 8, 2),
    (29.90, 'Cartão de Crédito', 9, 9, 1),
    (14.90, 'Cartão de Crédito', 10, 10, 2),
    (29.90, 'Boleto Bancário', 11, 11, 1),
    (14.90, 'Boleto Bancário', 12, 12, 2);
    
    
-- ----------------------------------------------------------------------------------

INSERT INTO perfil 
   (foto, nome, tipo, id_cliente)
VALUES
    ('/caminho/para/foto1.jpg', 'João', 'perfil adulto', 1),
    ('/caminho/para/foto1.jpg', 'João', 'perfil adulto', 1),
     ('/caminho/para/foto1.jpg', 'João', 'perfil adulto', 1),
    ('/caminho/para/foto1.jpg', 'João', 'perfil adulto', 1),
    ('/caminho/para/foto1.jpg', 'João', 'perfil infantil', 1),
    ('/caminho/para/foto2.jpg', 'Maria', 'perfil adulto', 2),
    ('/caminho/para/foto2.jpg', 'Maria', 'perfil adulto', 2),
    ('/caminho/para/foto2.jpg', 'Maria', 'perfil infantil', 2),
    ('/caminho/para/foto3.jpg', 'Pedro', 'perfil adulto', 3),
    ('/caminho/para/foto3.jpg', 'Pedro', 'perfil adulto', 3),
    ('/caminho/para/foto3.jpg', 'Pedro', 'perfil infantil', 3),
    ('/caminho/para/foto4.jpg', 'Ana', 'perfil adulto', 4),
    ('/caminho/para/foto4.jpg', 'Ana', 'perfil adulto', 4),
    ('/caminho/para/foto4.jpg', 'Ana', 'perfil adulto', 4),
    ('/caminho/para/foto4.jpg', 'Ana', 'perfil adulto', 4),
    ('/caminho/para/foto4.jpg', 'Ana', 'perfil infantil', 4),
    ('/caminho/para/foto5.jpg', 'Carlos', 'perfil adulto', 5),
    ('/caminho/para/foto5.jpg', 'Carlos', 'perfil adulto', 5),
    ('/caminho/para/foto5.jpg', 'Carlos', 'perfil infantil', 5),
    ('/caminho/para/foto6.jpg', 'Fernanda', 'perfil adulto', 6),
    ('/caminho/para/foto6.jpg', 'Fernanda', 'perfil adulto', 6),
    ('/caminho/para/foto6.jpg', 'Fernanda', 'perfil infantil', 6),
    ('/caminho/para/foto7.jpg', 'Eduardo', 'perfil adulto', 7),
    ('/caminho/para/foto7.jpg', 'Eduardo', 'perfil adulto', 7),
    ('/caminho/para/foto7.jpg', 'Eduardo', 'perfil infantil', 7),
    ('/caminho/para/foto8.jpg', 'Letícia', 'perfil adulto', 8),
    ('/caminho/para/foto8.jpg', 'Letícia', 'perfil adulto', 8),
    ('/caminho/para/foto8.jpg', 'Letícia', 'perfil infantil', 8),
    ('/caminho/para/foto9.jpg', 'Rafaela', 'perfil adulto', 9),
    ('/caminho/para/foto9.jpg', 'Rafaela', 'perfil adulto', 9),
    ('/caminho/para/foto9.jpg', 'Rafaela', 'perfil infantil', 9),
    ('/caminho/para/foto10.jpg', 'Beatriz', 'perfil adulto', 10),
    ('/caminho/para/foto10.jpg', 'Beatriz', 'perfil adulto', 10),
    ('/caminho/para/foto10.jpg', 'Beatriz', 'perfil infantil', 10),
    ('/caminho/para/foto11.jpg', 'Felipe', 'perfil adulto', 11),
    ('/caminho/para/foto11.jpg', 'Felipe', 'perfil adulto', 11),
    ('/caminho/para/foto11.jpg', 'Felipe', 'perfil infantil', 11),
    ('/caminho/para/foto12.jpg', 'Gabriela', 'perfil adulto', 12),
    ('/caminho/para/foto12.jpg', 'Gabriela', 'perfil adulto', 12),
    ('/caminho/para/foto12.jpg', 'Gabriela', 'perfil infantil', 12);

